EmpID,FullName,Gender,City,Age,Email,PhoneNumber,HireDate,Salary
Emp-10032,Charu Soni,F,Ahmedabad,31,charu.soni@abcindia.com,9572281356,01-Sep-08,55000
Emp-10129,Preet Warrior,M,Kanpur,33,preet.warrior@abcindia.com,8328470967,11-May-09,17000
Emp-10134,Qadim Bhasin,M,Solapur,39,qadim.bhasin@abcindia.com,9327247775,01-Jul-10,21000
Emp-10001,Aadil Sekhon,M,Surat,35,aadil.sekhon@abcindia.com,9524930165,27-Oct-10,28500
Emp-10054,Ghalib Borah,M,Amritsar,41,ghalib.borah@abcindia.com,8732248956,01-May-11,60000
Emp-10300,Foster Amy,F,Delhi,34,foster.amy@abcindia.com,9389812454,01-May-11,34950
Emp-10104,Naina Mangat,F,Patna,31,naina.mangat@abcindia.com,9718976302,07-Jun-11,22000
Emp-10087,Lalit Bhai Sami,M,Guwahati,37,lalit.sami@abcindia.com,8560621797,01-Aug-11,55000
Emp-10062,Hira Deshmukh,F,Delhi,37,hira.deshmukh@abcindia.com,8957680255,05-Jan-12,31400
Emp-10174,Teena Sunder,F,Guwahati,32,teena.sunder@abcindia.com,7998706896,26-Apr-12,17000
Emp-10086,Lakshmi Mohanty,F,Delhi,42,lakshmi.mohanty@abcindia.com,8213705242,20-Jul-12,53000
Emp-10256,Sahoo Adil,M,Raipur,41,sahoo.adil@abcindia.com,9886850753,30-Aug-12,29000
Emp-10018,Animesh Varma,M,Bengaluru,26,animesh.varma@abcindia.com,8979071491,27-Sep-12,54000
Emp-10039,Dhiraj Rao Merchant,M,Thane,29,dhiraj.merchant@abcindia.com,8287530664,04-Oct-12,65000
Emp-10075,Kamini Khosla,F,Thane,32,kamini.khosla@abcindia.com,8543355458,08-Jan-13,54500
Emp-10063,Ibrahim Ramesh,M,Amritsar,43,ibrahim.ramesh@abcindia.com,8409994825,21-Jan-13,26000
Emp-10166,Sohail Bora,M,Ahmedabad,36,sohail.bora@abcindia.com,9565633891,10-Mar-13,22000
Emp-10135,Qadim Malhotra,M,Mumbai,30,qadim.malhotra@abcindia.com,9419347090,04-Apr-13,22000
Emp-10257,Burkett Benjamin,M,Kanpur,34,burkett.benjamin@abcindia.com,8182862715,04-Apr-13,26000
Emp-10270,Blount Dianna,F,Solapur,31,blount.dianna@abcindia.com,9503463784,04-Apr-13,27000
Emp-10056,Giaan Chandra Andra,M,Madurai,39,giaan.andra@abcindia.com,9706130147,15-Apr-13,65000
Emp-10019,Anusha Saini,F,Indore,27,anusha.saini@abcindia.com,9577921192,07-May-13,55000
Emp-10194,Yasmin Savant,F,Guwahati,26,yasmin.savant@abcindia.com,9850612044,07-May-13,20000
Emp-10259,Jeannite Tayana,F,Guwahati,33,jeannite.tayana@abcindia.com,9727544136,07-May-13,22500
Emp-10154,Roma Venkatesh,F,Raipur,33,roma.venkatesh@abcindia.com,9523908202,16-May-13,24000
Emp-10127,Pradeep Dev Gobin,M,Madurai,25,pradeep.gobin@abcindia.com,9380307904,31-May-13,20000
Emp-10023,Babita Date,F,Thane,38,babita.date@abcindia.com,9405646583,09-Jun-13,55000
Emp-10011,Alaknanda Jaswant Raja,F,Indore,38,alaknanda.raja@abcindia.com,8699371833,03-Jul-13,55500
Emp-10240,Monkfish Erasumus,M,Nagpur,34,monkfish.erasumus@abcindia.com,7897049410,11-Jul-13,27000
Emp-10264,Davis Daniel,M,Amritsar,39,davis.daniel@abcindia.com,9046684818,11-Jul-13,25000
Emp-10299,Sweetwater Alex,M,Jabalpur,29,sweetwater.alex@abcindia.com,9451715364,15-Aug-13,27000
Emp-10022,Baber Pratap Soni,M,Patna,34,baber.soni@abcindia.com,8092780201,01-Oct-13,55000
Emp-10111,Neerendra Rao Kapadia,M,Chennai,38,neerendra.kapadia@abcindia.com,8731972661,01-Oct-13,21000
Emp-10192,Wafiq Prasad Dayal,M,Hyderabad,36,wafiq.dayal@abcindia.com,8138163587,01-Oct-13,14000
Emp-10064,Indrani Chandra,F,Indore,40,indrani.chandra@abcindia.com,8512790261,06-Oct-13,27490
Emp-10109,Nawab Bava,M,Surat,36,nawab.bava@abcindia.com,9669625002,07-Nov-13,16000
Emp-10200,Zeenat Pal,F,Raipur,40,zeenat.pal@abcindia.com,9125740993,28-Nov-13,24000
Emp-10221,Rivera Haley,F,Hyderabad,31,rivera.haley@abcindia.com,8379557801,28-Nov-13,22000
Emp-10090,Malik Loke,M,Delhi,30,malik.loke@abcindia.com,9280229065,04-Feb-14,16000
Emp-10122,Omar Usman Bir,M,Madurai,39,omar.bir@abcindia.com,8038412965,04-Feb-14,16750
Emp-10235,Petingill Shana,F,Kanpur,41,petingill.shana@abcindia.com,7951756282,04-Feb-14,26000
Emp-10074,Kamini Deshmukh,F,Jabalpur,27,kamini.deshmukh@abcindia.com,8824047889,07-Feb-14,80000
Emp-10124,Parminder Gaurav Lad,F,Guwahati,37,parminder.lad@abcindia.com,9278556519,07-Feb-14,15000
Emp-10137,Rachel Sabharwal,F,Jabalpur,36,rachel.sabharwal@abcindia.com,8424251663,07-Feb-14,15000
Emp-10085,Lakshmi Bava,M,Jabalpur,43,lakshmi.bava@abcindia.com,9262316618,10-Feb-14,52000
Emp-10059,Harpreet Aadil Khare,M,Kanpur,30,harpreet.khare@abcindia.com,9205128750,15-Feb-14,63000
Emp-10009,Akhil Matthai,M,Hyderabad,26,akhil.matthai@abcindia.com,8971900178,20-Feb-14,55000
Emp-10116,Nishi Sharaf,F,Surat,37,nishi.sharaf@abcindia.com,9049768406,20-Feb-14,16000
Emp-10149,Ricky Ram Loyal,M,Solapur,27,ricky.loyal@abcindia.com,8117050254,20-Feb-14,16760
Emp-10168,Srinivasan Peter Wason,M,Solapur,35,srinivasan.wason@abcindia.com,8366386372,20-Feb-14,23000
Emp-10015,Amolika Gobin,F,Patna,37,amolika.gobin@abcindia.com,9231146728,30-Apr-14,55000
Emp-10020,Aslam Pratap Bhasin,M,Mumbai,32,aslam.bhasin@abcindia.com,8086286593,03-May-14,56000
Emp-10225,Burke Joelle,F,Solapur,40,burke.joelle@abcindia.com,9215152912,03-May-14,25000
Emp-10061,Himanshu Chandra Uppal,M,Nagpur,32,himanshu.uppal@abcindia.com,8554419900,09-May-14,28990
Emp-10125,Pinky Rehman Ghosh,F,Delhi,30,pinky.ghosh@abcindia.com,9617531587,11-May-14,20000
Emp-10296,Saada Adell,F,Delhi,40,saada.adell@abcindia.com,8163320244,11-May-14,49250
Emp-10027,Bhairavi Yadu Dua,F,Patna,45,bhairavi.dua@abcindia.com,9717648772,14-May-14,56000
Emp-10140,Raghavan Prabhakar,M,Surat,42,raghavan.prabhakar@abcindia.com,7929391689,14-May-14,21000
Emp-10147,Ricky Chandra Mahabir,M,Indore,26,ricky.mahabir@abcindia.com,9013501811,14-May-14,14000
Emp-10170,Swati Dua,F,Hyderabad,42,swati.dua@abcindia.com,8912999314,13-Aug-14,19000
Emp-10083,Kiran Peter Dhaliwal,F,Indore,34,kiran.dhaliwal@abcindia.com,9122688271,16-Aug-14,53000
Emp-10031,Charu Kara,F,Nagpur,36,charu.kara@abcindia.com,9491588703,01-Sep-14,55000
Emp-10089,Lalita Shanker,F,Kanpur,29,lalita.shanker@abcindia.com,9136331158,01-Sep-14,23000
Emp-10108,Naval Virk,M,Surat,44,naval.virk@abcindia.com,9450629591,01-Sep-14,24000
Emp-10255,Moran Patrick,M,Delhi,39,moran.patrick@abcindia.com,9579857204,01-Sep-14,26000
Emp-10292,Del Bosque Keyla,F,Amritsar,35,del.keyla@abcindia.com,8052896809,01-Sep-14,57120
Emp-10126,Pirzada Akhil Kale,M,Nagpur,35,pirzada.kale@abcindia.com,8663174678,07-Sep-14,17000
Emp-10113,Nilima Kumar,F,Jabalpur,28,nilima.kumar@abcindia.com,8976550279,04-Jan-15,15000
Emp-10143,Rakhi Sushant Biswas,F,Jaipur,26,rakhi.biswas@abcindia.com,8995569186,04-Jan-15,15000
Emp-10057,Gulab Anil Naruka,F,Surat,31,gulab.naruka@abcindia.com,9333010839,20-Jan-15,62000
Emp-10117,Nishita Divan,F,Solapur,41,nishita.divan@abcindia.com,9516992063,18-Feb-15,24000
Emp-10267,Monterro Luisa,F,Delhi,26,monterro.luisa@abcindia.com,8446914479,13-May-15,25000
Emp-10274,Moumanil Maliki,M,Pune,39,moumanil.maliki@abcindia.com,8248686219,13-May-15,29000
Emp-10107,Narmada Sodhani,F,Nagpur,25,narmada.sodhani@abcindia.com,8411869602,01-Jul-15,22000
Emp-10187,Vikrant Talwar,M,Guwahati,28,vikrant.talwar@abcindia.com,8402036147,01-Jul-15,24000
Emp-10029,Bhanupriya Vicky Nigam,F,Chennai,33,bhanupriya.nigam@abcindia.com,9033614477,07-Aug-15,55000
Emp-10115,Nishi Rajendra Mehrotra,F,Patna,36,nishi.mehrotra@abcindia.com,9070365189,07-Aug-15,17000
Emp-10121,Obaid Sarraf,M,Patna,33,obaid.sarraf@abcindia.com,8189092756,07-Aug-15,15000
Emp-10128,Pranab Mall,M,Madurai,44,pranab.mall@abcindia.com,9636974383,07-Aug-15,19000
Emp-10183,Vaishali Emran Kunda,F,Delhi,29,vaishali.kunda@abcindia.com,9256402366,07-Aug-15,18000
Emp-10211,Becker Scott,M,Indore,27,becker.scott@abcindia.com,8123341242,07-Aug-15,17000
Emp-10212,Chang Donovan E,M,Raipur,42,chang.e@abcindia.com,9831837718,07-Aug-15,22000
Emp-10254,Linden Mathew,M,Nagpur,37,linden.mathew@abcindia.com,9874524099,07-Aug-15,22000
Emp-10026,Basanti Kadakia,F,Madurai,38,basanti.kadakia@abcindia.com,7968527862,19-Aug-15,55000
Emp-10101,Mukul Chaudhari,M,Bengaluru,41,mukul.chaudhari@abcindia.com,9875961188,19-Aug-15,15000
Emp-10110,Neerendra Ram Loke,M,Pune,36,neerendra.loke@abcindia.com,8506024465,19-Aug-15,16000
Emp-10165,Sneha Peri,F,Guwahati,36,sneha.peri@abcindia.com,8475651400,19-Aug-15,22000
Emp-10184,Vaishali Mannan,F,Madurai,35,vaishali.mannan@abcindia.com,8908735988,19-Aug-15,24000
Emp-10246,Lunquist Lisa,F,Chennai,30,lunquist.lisa@abcindia.com,9864317093,19-Aug-15,26100
Emp-10030,Charandeep Mammen,M,Amritsar,43,charandeep.mammen@abcindia.com,9612537631,30-Sep-15,57000
Emp-10082,Kim Dhillon,F,Patna,33,kim.dhillon@abcindia.com,8063711857,30-Sep-15,55000
Emp-10159,Sapna Narang,F,Pune,37,sapna.narang@abcindia.com,8451935584,30-Sep-15,16000
Emp-10164,Sneha Dhar,F,Pune,28,sneha.dhar@abcindia.com,8622902776,30-Sep-15,22000
Emp-10185,Varun Ram Chauhan,M,Indore,37,varun.chauhan@abcindia.com,9276355120,30-Sep-15,21000
Emp-10202,Keatts Kramer,M,Jabalpur,26,keatts.kramer@abcindia.com,8781801424,30-Sep-15,19000
Emp-10222,Sewkumar Nori,F,Madurai,39,sewkumar.nori@abcindia.com,9369274001,30-Sep-15,15200
Emp-10265,Gosciminski Phylicia,F,Guwahati,41,gosciminski.phylicia@abcindia.com,8791213478,30-Sep-15,27000
Emp-10112,Nikita Dhanush Varughese,F,Mumbai,33,nikita.varughese@abcindia.com,9170053765,11-Nov-15,23000
Emp-10169,Suresh Kari,M,Amritsar,25,suresh.kari@abcindia.com,8231113062,11-Nov-15,17000
Emp-10176,Tulsi Samir Bobal,F,Pune,30,tulsi.bobal@abcindia.com,7932291323,11-Nov-15,24500
Emp-10180,Urvashi Jobin Grewal,F,Hyderabad,31,urvashi.grewal@abcindia.com,8111943342,11-Nov-15,20000
Emp-10252,Hankard Earnest,M,Jaipur,37,hankard.earnest@abcindia.com,8909742481,11-Nov-15,24000
Emp-10291,Carabbio Judith,F,Nagpur,27,carabbio.judith@abcindia.com,8639292341,11-Nov-15,56000
Emp-10294,Martin Sandra,F,Jaipur,27,martin.sandra@abcindia.com,9434111992,11-Nov-15,55510
Emp-10132,Priyanka Aarif Tandon,F,Jabalpur,36,priyanka.tandon@abcindia.com,8643922640,17-Feb-16,22000
Emp-10162,Shashank Sha,M,Ahmedabad,29,shashank.sha@abcindia.com,9821960958,17-Feb-16,22000
Emp-10171,Swati Mohan Uppal,F,Indore,35,swati.uppal@abcindia.com,9586367637,17-Feb-16,14000
Emp-10205,Owad Clinton,M,Amritsar,25,owad.clinton@abcindia.com,7983825399,17-Feb-16,22000
Emp-10277,Fancett Nicole,F,Amritsar,39,fancett.nicole@abcindia.com,9593754204,17-Feb-16,24000
Emp-10150,Ricky Sid Ravi,M,Chennai,41,ricky.ravi@abcindia.com,8832466526,31-Mar-16,20000
Emp-10153,Riya Gulati,F,Madurai,37,riya.gulati@abcindia.com,8582872116,31-Mar-16,21000
Emp-10060,Hemendra Golla,M,Amritsar,39,hemendra.golla@abcindia.com,9852357633,01-May-16,64000
Emp-10055,Ghanshyam Aayushman Varma,M,Solapur,41,ghanshyam.varma@abcindia.com,8248500511,05-May-16,60000
Emp-10282,Daneault Lynn,F,Hyderabad,41,daneault.lynn@abcindia.com,9835145191,05-May-16,54000
Emp-10284,Smith John,M,Kanpur,34,smith.john@abcindia.com,9817470376,18-May-16,56000
Emp-10002,Aadish Mangat,M,Guwahati,38,aadish.mangat@abcindia.com,8814103673,01-Jun-16,23000
Emp-10130,Prerna Bath,F,Nagpur,39,prerna.bath@abcindia.com,9792821476,01-Jun-16,17000
Emp-10156,Ruchi De,F,Indore,29,ruchi.de@abcindia.com,9718718178,01-Jun-16,19000
Emp-10160,Sara Goda,F,Pune,39,sara.goda@abcindia.com,8566410264,01-Jun-16,16000
Emp-10172,Tarun Abhishek Wable,M,Raipur,45,tarun.wable@abcindia.com,8033954417,01-Jun-16,17000
Emp-10092,Maya Rehman Oommen,F,Raipur,37,maya.oommen@abcindia.com,8410471252,07-Jul-16,20000
Emp-10105,Nancy Mehan,F,Pune,32,nancy.mehan@abcindia.com,8634842213,07-Jul-16,16000
Emp-10233,Johnston Yen,F,Solapur,45,johnston.yen@abcindia.com,8298217967,07-Jul-16,25000
Emp-10244,Faller Megan,F,Hyderabad,45,faller.megan@abcindia.com,8729662049,07-Jul-16,27000
Emp-10269,Woodson Jason,M,Amritsar,43,woodson.jason@abcindia.com,8498980562,07-Jul-16,24250
Emp-10271,Erilus Angela,F,Nagpur,26,erilus.angela@abcindia.com,8591299819,07-Jul-16,24000
Emp-10297,Szabo Andrew,M,Kanpur,40,szabo.andrew@abcindia.com,9563139850,07-Jul-16,48000
Emp-10008,Akhil Gandhi,M,Thane,32,akhil.gandhi@abcindia.com,9037453994,18-Aug-16,55000
Emp-10010,Akhila Radhe Lad,F,Hyderabad,38,akhila.lad@abcindia.com,8401688656,18-Aug-16,56000
Emp-10262,Walker Roger,M,Jaipur,37,walker.roger@abcindia.com,8551328718,18-Aug-16,22000
Emp-10078,Karim Das,M,Solapur,32,karim.das@abcindia.com,8152314987,18-Sep-16,51000
Emp-10003,Abhishek Mutti,M,Delhi,29,abhishek.mutti@abcindia.com,9496158624,29-Sep-16,29000
Emp-10016,Anil Manda,M,Guwahati,26,anil.manda@abcindia.com,8000376199,29-Sep-16,55000
Emp-10021,Atul Shan,M,Solapur,32,atul.shan@abcindia.com,8083765326,29-Sep-16,55000
Emp-10033,Chhavi Rajesh Tank,F,Guwahati,43,chhavi.tank@abcindia.com,9327873986,29-Sep-16,55000
Emp-10094,Megha Mander,F,Surat,36,megha.mander@abcindia.com,8404053933,29-Sep-16,16000
Emp-10133,Pushpa Pradeep Toor,F,Guwahati,26,pushpa.toor@abcindia.com,8433002969,29-Sep-16,15000
Emp-10146,Richa Zachariah,F,Surat,45,richa.zachariah@abcindia.com,9765096003,29-Sep-16,21000
Emp-10196,Zahir Mall,M,Jabalpur,34,zahir.mall@abcindia.com,8679539513,29-Sep-16,16000
Emp-10242,Wolk Hang T,F,Bengaluru,45,wolk.t@abcindia.com,8094175076,29-Sep-16,22000
Emp-10248,Smith Joe,M,Nagpur,33,smith.joe@abcindia.com,9625391884,29-Sep-16,22000
Emp-10276,Buccheri Joseph,M,Delhi,42,buccheri.joseph@abcindia.com,8686546919,29-Sep-16,22000
Emp-10071,Jobin Mohanty,M,Thane,30,jobin.mohanty@abcindia.com,8486921201,30-Sep-16,47000
Emp-10046,Elias Singh Chakraborty,M,Chennai,45,elias.chakraborty@abcindia.com,8844362510,11-Oct-16,35500
Emp-10048,Falguni Chitranjan Mane,F,Thane,37,falguni.mane@abcindia.com,8681685161,11-Oct-16,42750
Emp-10152,Rita Jack Verma,F,Ahmedabad,26,rita.verma@abcindia.com,8068417247,11-Oct-16,21250
Emp-10247,Nowlan Kristie,F,Solapur,38,nowlan.kristie@abcindia.com,8548006794,11-Oct-16,26390
Emp-10290,Andreola Colby,F,Madurai,39,andreola.colby@abcindia.com,8798473043,11-Oct-16,47600
Emp-10306,Daniele Ann,F,Jabalpur,37,daniele.ann@abcindia.com,9432923455,11-Oct-16,54100
Emp-10307,Lajiri Jyoti,M,Delhi,35,lajiri.jyoti@abcindia.com,9221824143,11-Oct-16,56200
Emp-10309,South Joe,M,Ahmedabad,32,south.joe@abcindia.com,9642271375,11-Oct-16,53000
Emp-10013,Alex Rao Dalal,M,Mumbai,33,alex.dalal@abcindia.com,8491742832,05-Dec-16,55500
Emp-10025,Babita Raghavan Bajaj,F,Pune,32,babita.bajaj@abcindia.com,7964295053,05-Dec-16,56000
Emp-10095,Meghana Arora,F,Hyderabad,25,meghana.arora@abcindia.com,9533735548,05-Dec-16,20000
Emp-10136,Qadim Prasad Walia,M,Pune,43,qadim.walia@abcindia.com,9009283948,05-Dec-16,19500
Emp-10167,Sohail Sant,M,Mumbai,27,sohail.sant@abcindia.com,9359188878,05-Dec-16,21000
Emp-10173,Tarun Kannan,M,Madurai,41,tarun.kannan@abcindia.com,9769739499,05-Dec-16,21000
Emp-10238,Good Susan,F,Ahmedabad,43,good.susan@abcindia.com,8127204659,05-Dec-16,24250
Emp-10005,Afreen Munshi,F,Jabalpur,29,afreen.munshi@abcindia.com,8604789217,05-Jan-17,16560
Emp-10079,Karim Uday Kohli,M,Bengaluru,25,karim.kohli@abcindia.com,8569292102,06-Feb-17,54000
Emp-10024,Babita Hegde,F,Indore,44,babita.hegde@abcindia.com,8721043480,16-Feb-17,55000
Emp-10049,Faraz Issac,M,Nagpur,42,faraz.issac@abcindia.com,8785169961,16-Feb-17,39550
Emp-10070,Javed Chandra Ram,M,Chennai,36,javed.ram@abcindia.com,8753510177,16-Feb-17,27000
Emp-10142,Raj Kumar Sule,M,Hyderabad,40,raj.sule@abcindia.com,9784593657,16-Feb-17,20000
Emp-10301,Boutwell Bonalyn,F,Pune,41,boutwell.bonalyn@abcindia.com,8399497471,16-Feb-17,34950
Emp-10044,Eddie Amin,M,Delhi,35,eddie.amin@abcindia.com,8890863597,30-Mar-17,34000
Emp-10050,Fatima Ramkissoon,F,Thane,36,fatima.ramkissoon@abcindia.com,8817141700,30-Mar-17,42200
Emp-10053,Geetanjali Chadha,F,Raipur,38,geetanjali.chadha@abcindia.com,9540840006,30-Mar-17,31400
Emp-10066,Jagruti Krish,F,Jaipur,33,jagruti.krish@abcindia.com,9202419957,30-Mar-17,42000
Emp-10069,Jatin Raju,M,Bengaluru,35,jatin.raju@abcindia.com,8251088644,30-Mar-17,43000
Emp-10073,Kalyan Usman,M,Raipur,42,kalyan.usman@abcindia.com,9192186956,30-Mar-17,49100
Emp-10123,Owais Anne,M,Hyderabad,42,owais.anne@abcindia.com,8086156876,30-Mar-17,19000
Emp-10199,Zara Parekh,F,Nagpur,30,zara.parekh@abcindia.com,9632445044,30-Mar-17,19000
Emp-10204,Medeiros Jennifer,F,Chennai,41,medeiros.jennifer@abcindia.com,9189799035,30-Mar-17,20000
Emp-10260,McCarthy Brigit,F,Amritsar,39,mccarthy.brigit@abcindia.com,9278890957,30-Mar-17,26000
Emp-10310,Warfield Sarah,F,Raipur,39,warfield.sarah@abcindia.com,8133643385,30-Mar-17,55200
Emp-10017,Animesh Maheshwari,M,Guwahati,34,animesh.maheshwari@abcindia.com,9653082741,01-May-17,55000
Emp-10045,Ekbal Chandra Purohit,M,Surat,35,ekbal.purohit@abcindia.com,8656669906,01-May-17,40000
Emp-10052,Ganesh Bijoy Bakshi,M,Ahmedabad,29,ganesh.bakshi@abcindia.com,9071225298,01-May-17,30200
Emp-10065,Ishat Mukul Binnani,M,Bengaluru,27,ishat.binnani@abcindia.com,8734955307,01-May-17,45000
Emp-10067,Jagruti Sabharwal,F,Indore,40,jagruti.sabharwal@abcindia.com,8738239694,01-May-17,37000
Emp-10068,Jatin Panchal,M,Raipur,32,jatin.panchal@abcindia.com,8117329744,01-May-17,39000
Emp-10151,Riddhi Handa,F,Bengaluru,27,riddhi.handa@abcindia.com,9399153403,01-May-17,15750
Emp-10208,Sullivan Timothy,M,Indore,45,sullivan.timothy@abcindia.com,7984936577,01-May-17,19000
Emp-10278,Hutter Rosalie,F,Patna,37,hutter.rosalie@abcindia.com,7940497275,06-May-17,28000
Emp-10209,Von Massenbach Anna,F,Jaipur,25,von.anna@abcindia.com,8599246236,07-May-17,20000
Emp-10093,Megha Ahuja,F,Bengaluru,38,megha.ahuja@abcindia.com,9530052380,05-Nov-17,18000
Emp-10077,Kamini Ramanathan,F,Bengaluru,38,kamini.ramanathan@abcindia.com,8797851867,28-Jan-18,55000
Emp-10034,Chirag Iyer,M,Amritsar,32,chirag.iyer@abcindia.com,7980537158,10-Feb-18,45000
Emp-10285,Le Binh,F,Kanpur,27,le.binh@abcindia.com,9822576403,10-Feb-18,50250
Emp-10161,Sharad Singh Vohra,M,Ahmedabad,35,sharad.vohra@abcindia.com,9600693865,07-Apr-18,20000
Emp-10288,LeBlanc Brandon R,M,Hyderabad,25,leblanc.r@abcindia.com,8647411174,01-May-18,55000
Emp-10245,Hunts Julissa,F,Raipur,42,hunts.julissa@abcindia.com,8258653493,06-Jun-18,25000
Emp-10028,Bhanupriya Palla,F,Guwahati,27,bhanupriya.palla@abcindia.com,9687240928,07-Jun-18,55000
Emp-10106,Nandini Arora,F,Kanpur,32,nandini.arora@abcindia.com,8678291187,07-Jun-18,24750
Emp-10197,Zahir Tiwari,M,Indore,39,zahir.tiwari@abcindia.com,8221994987,07-Jun-18,19750
Emp-10038,Devika Majumdar,F,Patna,38,devika.majumdar@abcindia.com,8099411374,09-Jun-18,63500
Emp-10303,Carr Claudia N,F,Raipur,37,carr.n@abcindia.com,8225849564,30-Jun-18,61300
Emp-10308,Semizoglou Jeremiah,M,Chennai,45,semizoglou.jeremiah@abcindia.com,9555577782,30-Jun-18,53800
Emp-10250,Beak Kimberly,F,Guwahati,26,beak.kimberly@abcindia.com,8148466424,21-Jul-18,27000
Emp-10279,Manchester Robyn,F,Indore,26,manchester.robyn@abcindia.com,8599195971,05-Nov-18,23000
Emp-10035,Daanish Kala,M,Mumbai,34,daanish.kala@abcindia.com,9202952359,15-Feb-19,46000
Emp-10287,Wang Charlie,M,Amritsar,32,wang.charlie@abcindia.com,8642793339,15-Feb-19,51000
Emp-10036,David Raj Manne,M,Ahmedabad,38,david.manne@abcindia.com,9573864540,20-Apr-19,45000
Emp-10037,Deepesh Harjo,M,Nagpur,29,deepesh.harjo@abcindia.com,9576744824,20-Apr-19,45000
Emp-10040,Dhiraj Rao Sami,M,Mumbai,38,dhiraj.sami@abcindia.com,9299044330,01-Jul-19,55000
Emp-10286,Navathe Kurt,M,Madurai,39,navathe.kurt@abcindia.com,8657966367,02-Oct-19,52250
Emp-10207,Sadki Nore,M,Pune,25,sadki.nore@abcindia.com,8733320946,01-May-11,21000
Emp-10281,Thibaud Kenneth,M,Jaipur,40,thibaud.kenneth@abcindia.com,8646248582,25-Jun-09,23000
Emp-10189,Virat Lal Beharry,M,Pune,25,virat.beharry@abcindia.com,8716538211,16-May-13,19000
Emp-10157,Rupal Barad,M,Chennai,37,rupal.barad@abcindia.com,8939581589,21-Feb-13,15000
Emp-10102,Mukund Bera,M,Amritsar,42,mukund.bera@abcindia.com,9366365763,07-May-13,20000
Emp-10177,Uday Ravi,M,Bengaluru,33,uday.ravi@abcindia.com,9185868581,01-Oct-13,20000
Emp-10224,Whittier Scott,M,Delhi,30,whittier.scott@abcindia.com,8151691931,01-Oct-13,23000
Emp-10232,Gonzalez Juan,M,Thane,43,gonzalez.juan@abcindia.com,8790522638,26-Apr-12,29000
Emp-10210,Anderson Carol,F,Raipur,25,anderson.carol@abcindia.com,9443584593,07-Nov-13,16000
Emp-10228,Mancuso Karen,F,Nagpur,42,mancuso.karen@abcindia.com,8552502545,07-May-13,23000
Emp-10229,Pelletier Ermine,F,Madurai,33,pelletier.ermine@abcindia.com,9556629064,07-May-13,28000
Emp-10203,Linares Marilyn,F,Guwahati,36,linares.marilyn@abcindia.com,8317462319,07-May-13,15250
Emp-10237,Close Phil,M,Indore,45,close.phil@abcindia.com,8217670499,30-Aug-12,26000
Emp-10241,Roberson May,F,Ahmedabad,38,roberson.may@abcindia.com,9740276778,26-Sep-13,26000
Emp-10139,Radhika Raghavan,F,Mumbai,41,radhika.raghavan@abcindia.com,9776649357,11-Jul-13,22000
Emp-10119,Niyati Varghese,F,Chennai,44,niyati.varghese@abcindia.com,8225920681,01-Oct-13,17000
Emp-10088,Lalita Kapoor,F,Amritsar,44,lalita.kapoor@abcindia.com,8103966968,26-Sep-13,33500
Emp-10230,Trzeciak Cybil,F,Guwahati,45,trzeciak.cybil@abcindia.com,9739652494,01-Oct-13,22000
Emp-10261,Peters Lauren,F,Jabalpur,31,peters.lauren@abcindia.com,9049531847,16-May-13,29000
Emp-10206,Rarrick Quinn,M,Bengaluru,26,rarrick.quinn@abcindia.com,8826778532,26-Sep-13,21000
Emp-10272,Homberger Adrienne J,F,Madurai,30,homberger.j@abcindia.com,9476368121,15-Aug-13,28000
Emp-10268,Robertson Peter,M,Thane,26,robertson.peter@abcindia.com,8087876930,07-May-13,22000
Emp-10249,Tejeda Lenora,F,Ahmedabad,37,tejeda.lenora@abcindia.com,8572511842,16-May-13,28750
Emp-10191,Vivek Date,M,Amritsar,26,vivek.date@abcindia.com,8614527466,04-Apr-13,18000
Emp-10096,Mehul Singh Krishnan,M,Solapur,40,mehul.krishnan@abcindia.com,9490787197,26-Sep-13,24000
Emp-10258,Foreman Tanya,F,Pune,38,foreman.tanya@abcindia.com,8315713107,04-Apr-13,24000
Emp-10179,Umar Sahil Sagar,M,Solapur,39,umar.sagar@abcindia.com,9124935014,04-Feb-14,22000
Emp-10181,Usman Ramanathan,M,Nagpur,39,usman.ramanathan@abcindia.com,8499528564,07-Nov-13,15000
Emp-10081,Kasturba Thakur,F,Delhi,31,kasturba.thakur@abcindia.com,9709474904,21-Feb-13,42000
Emp-10263,Akinkuolie Sarah,F,Thane,45,akinkuolie.sarah@abcindia.com,9266556440,07-May-13,29000
Emp-10097,Mohan Hetan Mittal,M,Nagpur,32,mohan.mittal@abcindia.com,9552110388,24-Sep-14,15000
Emp-10114,Nirmal Ghosh,M,Patna,39,nirmal.ghosh@abcindia.com,9426358992,07-May-13,18000
Emp-10220,Pelech Emil,M,Pune,34,pelech.emil@abcindia.com,9609525917,01-Oct-13,24000
Emp-10223,Tavares Desiree,F,Surat,27,tavares.desiree@abcindia.com,9730293926,27-Apr-11,15000
Emp-10227,Huynh Ming,F,Raipur,32,huynh.ming@abcindia.com,9128952636,21-Feb-13,23000
Emp-10253,Hendrickson Trina,F,Nagpur,43,hendrickson.trina@abcindia.com,9054429049,01-Oct-13,24000
Emp-10266,Latif Mohammed,M,Bengaluru,33,latif.mohammed@abcindia.com,8944208749,04-Feb-14,28000
Emp-10293,Exantus Susan,F,Nagpur,30,exantus.susan@abcindia.com,8725156233,05-Feb-13,48500
Emp-10195,Zahir Bhai Sankar,M,Jaipur,45,zahir.sankar@abcindia.com,9167216074,24-Sep-14,18000
Emp-10182,Vaishali D’Alia,F,Mumbai,25,vaishali.alia@abcindia.com,9753165165,04-Apr-13,17000
Emp-10120,Nupur Tanay Bahri,F,Mumbai,36,nupur.bahri@abcindia.com,9356475771,04-Feb-14,20000
Emp-10190,Virat Prabhat Rajan,M,Chennai,26,virat.rajan@abcindia.com,8813717738,24-Sep-14,16000
Emp-10226,Fitzpatrick Michael J,M,Solapur,28,fitzpatrick.j@abcindia.com,8147523370,16-May-13,29000
Emp-10231,Cloninger Jennifer,F,Solapur,35,cloninger.jennifer@abcindia.com,8709595150,16-May-13,25000
Emp-10186,Veena Halder,F,Kanpur,29,veena.halder@abcindia.com,9467498102,26-Sep-13,19000
Emp-10280,Oliver Brooke,F,Kanpur,26,oliver.brooke@abcindia.com,8219852758,14-May-14,25000
Emp-10273,Lundy Susan,F,Mumbai,39,lundy.susan@abcindia.com,9074472592,07-Aug-15,24000
Emp-10006,Afreen Ramakrishnan,F,Guwahati,41,afreen.ramakrishnan@abcindia.com,8886952805,26-Sep-13,20500
Emp-10007,Aisha Sabharwal,F,Nagpur,42,aisha.sabharwal@abcindia.com,8800980103,15-Aug-13,55000
Emp-10138,Radheshyam Kannan,M,Surat,38,radheshyam.kannan@abcindia.com,8355386507,17-Feb-16,18000
Emp-10239,Langford Lindsey,F,Pune,37,langford.lindsey@abcindia.com,7989446827,01-Jul-15,22000
Emp-10219,Ndzi Colombui,M,Mumbai,26,ndzi.colombui@abcindia.com,8871758407,26-Sep-13,18000
Emp-10243,Bondwell Betsy,F,Jabalpur,37,bondwell.betsy@abcindia.com,8335453294,01-Oct-13,26000
Emp-10234,Miller Ned,M,Surat,42,miller.ned@abcindia.com,9078244059,15-Aug-13,25000
Emp-10298,True Edward,M,Surat,27,true.edward@abcindia.com,9447343108,18-Feb-15,45420
Emp-10283,Kampew Donysha,F,Raipur,38,kampew.donysha@abcindia.com,8676294836,11-Jul-13,60250
Emp-10214,Ferguson Susan,F,Jabalpur,26,ferguson.susan@abcindia.com,8159598470,11-Jul-13,20000
Emp-10076,Kamini Mand,F,Guwahati,37,kamini.mand@abcindia.com,9675791868,30-Sep-15,50500
Emp-10198,Zara Mand,F,Guwahati,34,zara.mand@abcindia.com,9713739660,04-Feb-14,17000
Emp-10014,Ambika Mohit Gobin,F,Thane,25,ambika.gobin@abcindia.com,8357245247,03-Jul-13,55000
Emp-10155,Rosey Mukund Deshmukh,F,Nagpur,28,rosey.deshmukh@abcindia.com,9483666441,21-Feb-13,14000
Emp-10144,Rashid Ratta,M,Jaipur,36,rashid.ratta@abcindia.com,9652563594,02-Jul-13,18000
Emp-10148,Ricky Lal Date,M,Raipur,45,ricky.date@abcindia.com,8391907764,13-Aug-14,15000
Emp-10043,Drishti Amrit Sehgal,F,Jaipur,41,drishti.sehgal@abcindia.com,7910641476,16-Feb-17,40100
Emp-10042,Divya Chhabra,F,Mumbai,41,divya.chhabra@abcindia.com,9206843611,16-Feb-17,48500
Emp-10217,Kinsella Kathleen,F,Chennai,32,kinsella.kathleen@abcindia.com,8215032793,26-Sep-13,22000
Emp-10058,Hari Prasad Bava,M,Jabalpur,28,hari.bava@abcindia.com,9780641169,01-Sep-14,21000
Emp-10251,Demita Carla,F,Bengaluru,41,demita.carla@abcindia.com,8638315162,04-Apr-13,29000
Emp-10004,Aditi Atul Dasgupta,F,Patna,30,aditi.dasgupta@abcindia.com,9599696483,16-Feb-17,21500
Emp-10012,Albert Koshy,M,Madurai,39,albert.koshy@abcindia.com,9106162689,07-Jul-16,55000
Emp-10215,Gilles Alex,M,Solapur,29,gilles.alex@abcindia.com,9510126944,04-Feb-14,15000
Emp-10178,Umar Mody,M,Guwahati,41,umar.mody@abcindia.com,9492085272,01-Sep-14,16000
Emp-10131,Prerna Varma,F,Amritsar,28,prerna.varma@abcindia.com,8831747028,13-May-15,21000
Emp-10103,Munni Raju,F,Indore,30,munni.raju@abcindia.com,9300266454,16-May-13,21000
Emp-10295,Patronick Luke,M,Patna,30,patronick.luke@abcindia.com,8026980549,11-Jul-13,52250
Emp-10275,Sloan Constance,F,Bengaluru,40,sloan.constance@abcindia.com,7894189083,26-Oct-11,23000
Emp-10213,DeGweck James,M,Mumbai,28,degweck.james@abcindia.com,9413758956,16-May-13,23500
Emp-10289,Quinn Sean,M,Patna,27,quinn.sean@abcindia.com,9763697062,21-Feb-13,55000
Emp-10118,Nitin Mann,M,Delhi,37,nitin.mann@abcindia.com,9189781428,09-Feb-10,22000
Emp-10305,Roehrich Bianca,F,Bengaluru,26,roehrich.bianca@abcindia.com,9084116133,01-May-17,58500
Emp-10099,Mohit Pall,M,Mumbai,34,mohit.pall@abcindia.com,8658062497,16-May-13,22000
Emp-10051,Fatima Saha,F,Indore,44,fatima.saha@abcindia.com,9033785973,01-May-17,45000
Emp-10158,Sapna Iyengar,F,Jabalpur,39,sapna.iyengar@abcindia.com,9481628621,04-Feb-14,14000
Emp-10218,Lynch Lindsay,F,Guwahati,39,lynch.lindsay@abcindia.com,9218875801,11-Jul-13,19000
Emp-10091,Manjari Tanay Tara,F,Surat,36,manjari.tara@abcindia.com,9717823396,27-Jun-13,21000
Emp-10072,Kajal Chaudhry,F,Indore,36,kajal.chaudhry@abcindia.com,8117734926,01-May-17,28000
Emp-10041,Dinesh Mishra,M,Solapur,35,dinesh.mishra@abcindia.com,9472141467,07-Jul-16,43000
Emp-10080,Kartik Basu,M,Hyderabad,37,kartik.basu@abcindia.com,8807242902,01-Oct-13,48500
Emp-10216,Harrington Christie,F,Amritsar,37,harrington.christie@abcindia.com,7993396111,01-Sep-14,19750
Emp-10141,Ragini Madan,F,Solapur,36,ragini.madan@abcindia.com,8927088165,01-Oct-13,21000
Emp-10047,Falguni Chauhan,F,Guwahati,36,falguni.chauhan@abcindia.com,9633152907,12-Jan-16,41000
Emp-10188,Vimala Karpe,F,Pune,26,vimala.karpe@abcindia.com,8373062333,31-Mar-16,18500
Emp-10145,Rehman Shankar,M,Surat,40,rehman.shankar@abcindia.com,8007145912,16-May-13,20000
Emp-10100,Monica Garg,F,Raipur,37,monica.garg@abcindia.com,8433476747,01-Oct-13,24000
Emp-10304,Favis Donald,M,Indore,45,favis.donald@abcindia.com,7971520552,17-Feb-16,58200
Emp-10236,Winthrop Jordan,M,Nagpur,44,winthrop.jordan@abcindia.com,8540443677,01-Jul-15,29000
Emp-10201,Johnson George,M,Ahmedabad,31,johnson.george@abcindia.com,8774429112,11-Jul-13,17000
Emp-10193,Yasmin Sahota,F,Mumbai,37,yasmin.sahota@abcindia.com,9803166047,13-Aug-14,19000
Emp-10175,Tejaswani Lodi,F,Indore,42,tejaswani.lodi@abcindia.com,8792449385,01-Oct-13,16000
